Item ID,Item Name,Group,State,Created At,Updated At,Subitems,Program Dates,Student Number,Total number of participants,Delivery Mode,Logistics/Buddy,APM Travel,Program Designer,Review Date,Mastersheet,Mastersheet Link,Pre-Dept Status,Pre-Dept Guide Due Date,Company / Org Visits,# Visits Required,# Visits Done,# Visits Remaining,Hotels,Visits/Projects,Meeting Rooms,Guides,Transport,Flights,Trains,Meals,Immersions,APM Bookings,Student Testimonials,WOW Element,Post Program Checklist,Invoice 1 Due Date,Invoice 1,Invoice 2 Due Date,Invoice 2,Post Program
18178760898,2026-03 Kelley GLOBASE Thailand,Programs in Planning and Delivery Phase,active,2025-10-14T09:47:40Z,2026-03-17T09:20:19Z,,2026-03-08 - 2026-03-15,24,26,APM,Bhavana Saroj,Siddhanth Waghmare,Siddhanth Waghmare,2026-03-17,Created,Kelly Thailand - https://sheet.zoho.com/sheet/open/g6513895e0d4277ed45ae9db7bdf9577308ef?sheetid=0&range=A1,Done,,Not Required,0,0,,Done,NA,NA,Done,Done,NA,NA,Done,Done,Done,Not Allowed,NA,,,Money Received,,Money Received,NA
18178761946,2026-03 UNC Healthcare GIE Turkey,Programs in Planning and Delivery Phase,active,2025-10-14T09:47:53Z,2026-03-16T10:04:23Z,,2026-03-01 - 2026-03-11,27,29,APM,Vedanth Maheshwari,Vedanth Maheshwari,Vedanth Maheshwari,,Done,,,,Done,,,,Done,NA,NA,Done,Done,Done,Done,Done,Done,"Bus / Train, Flights, Hotel, Visa",Not Allowed,NA,,,Money Received,,Money Received,NA
18198935370,2026-05 UNC Real Estate GIE Korea Vietnam,Programs in Planning and Delivery Phase,active,2025-10-16T10:13:11Z,2026-03-17T09:48:31Z,,2026-05-02 - 2026-05-16,27,29,APM,Vedanth Maheshwari,Ravi Raj,Divyanjali,2025-10-30,Created,https://docs.google.com/spreadsheets/d/1B0Gch8epkoS-fSIXgalk4jdU0oIpNYHVJi3To6BnRAs/edit?gid=0#gid=0,,,Design Team will work on it,3,0,,Advance Paid,NA,NA,Stuck,Blocked,Stuck,Stuck,Stuck,Stuck,,Not Allowed,NA,,,Money Received,,Yet to send,NA
18198935443,2026-05 Pitt South Korea,Programs in Planning and Delivery Phase,active,2025-10-16T10:13:12Z,2026-03-17T09:57:30Z,,2026-05-03 - 2026-05-15,24,26,APM,Aakash Korandla,Aakash Korandla,Divyanjali,2026-03-04,Created,https://docs.google.com/spreadsheets/d/1Hr3YXONbci0_1lmygE6Nkdmy8FUfEYB9m8aarXalLkM/edit?gid=891933921#gid=891933921,Working on it,,Design Team will work on it,2,,,Rooms Blocked,NA,NA,Done,Blocked,NA,Stuck,Stuck,Blocked,,Not Allowed,NA,,,Overdue,,NA,NA
18198935936,2026-05 PSU Switzerland,Programs in Planning and Delivery Phase,active,2025-10-16T10:13:15Z,2026-03-19T11:08:24Z,,2026-05-10 - 2026-05-18,,,Remote,lorenzo@authentica.com,lorenzo@authentica.com,lorenzo@authentica.com,2026-03-17,Yet to be done,,,,Not Required,,,,Quotes Received,NA,NA,WIP,Quote Received,NA,NA,WIP,,,Not Allowed,NA,,,Yet to send,,NA,NA
18198936136,2026-05 UNC GIE Japan (Undergrad),Programs in Planning and Delivery Phase,active,2025-10-16T10:13:21Z,2026-03-17T10:12:37Z,,2026-05-12 - 2026-05-23,27,30,APM,Siddhanth Waghmare,Siddhanth Waghmare,Komal Mishra,2026-03-17,Yet to be done,,Working on it,,Design Team will work on it,10,,,Rooms Blocked,NA,NA,Advance Paid,Advance Paid,NA,Paid,Advance Paid,Advance Paid,,Not Allowed,NA,,,Yet to send,,NA,NA
18198936223,2026-05 USD SOLES Global Health South Korea,Programs in Planning and Delivery Phase,active,2025-10-16T10:13:23Z,2026-03-19T11:49:38Z,,2026-05-15 - 2026-05-23,16,18,Remote,Aakash Korandla,Aakash Korandla,Divyanjali,,Yet to be done,,,,Design Team will work on it,0,0,,Advance Paid,NA,NA,Blocked,Blocked,NA,NA,Booked,Blocked,,Not Allowed,NA,,,Money Received,,Invoice sent,NA
18198936466,2026-05 UF Japan,Programs in Planning and Delivery Phase,active,2025-10-16T10:13:28Z,2026-03-19T11:02:55Z,,2026-05-16 - 2026-05-29,,,Remote,Bhavana Saroj,Bhavana Saroj,Komal Mishra,2026-03-16,Created,UF Japan - https://%3Ciframe%20src=%22https://workdrive.zohopublic.com/embed/m26bq67d0334e4d71410a8cd73e423432f2cf?toolbar=false&appearance=light&themecolor=green%22%20scrolling=%22no%22%20frameborder=%220%22%20allowfullscreen=true%20width=%22800%22%20height=%22520%22%20title=%22Embed%20code%22%20%3E%3C/iframe%3E,,,Design Team will work on it,,,,Stuck,NA,NA,Stuck,Stuck,NA,Stuck,Stuck,Stuck,,Not Allowed,NA,,,Yet to send,,NA,NA
18198936534,2026-05 USC Italy Pharmacy,Programs in Planning and Delivery Phase,active,2025-10-16T10:13:30Z,2026-03-19T11:08:45Z,,2026-05-17 - 2026-05-30,16,17,APM,lorenzo@authentica.com,lorenzo@authentica.com,lorenzo@authentica.com,,Yet to be done,,,,Design Team will work on it,,,,Rooms Blocked,NA,NA,WIP,Quote Received,NA,NA,WIP,,,Not Allowed,NA,,,Yet to send,,NA,NA
18198936616,2026-05 USC Italy PharmD,Programs in Planning and Delivery Phase,active,2025-10-16T10:13:33Z,2026-03-19T11:08:54Z,,2026-05-17 - 2026-05-30,3,4,APM,lorenzo@authentica.com,lorenzo@authentica.com,lorenzo@authentica.com,,Yet to be done,,,,Design Team will work on it,,,,Rooms Blocked,NA,NA,WIP,Quote Received,NA,NA,WIP,,,Not Allowed,NA,,,Yet to send,,NA,NA
18198936646,2026-05 UNC Charlotte Thailand,Programs in Planning and Delivery Phase,active,2025-10-16T10:13:34Z,2026-03-17T10:19:42Z,,2026-05-23 - 2026-06-14,9,11,APM,Aakash Korandla,Aakash Korandla,Komal Mishra,,Yet to be done,,,,Design Team will work on it,7,,,Quotes Received,NA,NA,WIP,Quote Received,NA,NA,WIP,,,Not Allowed,NA,,,Yet to send,,NA,NA
18198936782,2026-06 UTK Bordeaux,Programs in Planning and Delivery Phase,active,2025-10-16T10:13:37Z,2026-03-19T11:08:59Z,,2026-05-30 - 2026-06-27,,,Remote,Vedanth Maheshwari,lorenzo@authentica.com,lorenzo@authentica.com,,Yet to be done,,,,Not Required,,,,Quotes Received,NA,NA,WIP,Quote Received,NA,NA,WIP,,,Not Allowed,NA,,,Yet to send,,NA,NA
18198937371,2026-06 Mesa Community College Italy,Programs in Planning and Delivery Phase,active,2025-10-16T10:13:48Z,2026-03-19T11:11:09Z,,2026-06-01 - 2026-06-17,15,17,APM,lorenzo@authentica.com,lorenzo@authentica.com,lorenzo@authentica.com,,Yet to be done,,,,Design Team will work on it,,,,Quotes Received,NA,NA,WIP,Quote Received,NA,NA,WIP,,,Not Allowed,NA,,,Yet to send,,NA,NA
18198937566,2026-06 SDSU South Korea,Programs in Planning and Delivery Phase,active,2025-10-16T10:13:51Z,2026-03-19T11:51:01Z,,2026-06-01 - 2026-06-15,28,,Remote,Aakash Korandla,Aakash Korandla,Komal Mishra,,Yet to be done,,,,Design Team will work on it,0,0,,Advance Paid,NA,Advance Paid,Done,Quote Received,NA,NA,WIP,,,Not Allowed,NA,,,Yet to send,,NA,NA
18198937782,2026-06 UF South Korea,Programs in Planning and Delivery Phase,active,2025-10-16T10:13:57Z,2026-03-17T10:01:11Z,,2026-06-14 - 2026-07-27,15,17,Remote,Bhavana Saroj,Bhavana Saroj,Divyanjali,2026-03-16,Created,UF South Korea - https://sheet.zohopublic.com/sheet/published/m26bqb46f6225589841f0aeadc02dd36715fa,,,Design Team will work on it,,,,Rooms Blocked,NA,NA,Blocked,Quote Received,NA,NA,WIP,,,Not Allowed,NA,,,Yet to send,,NA,NA
18198958132,2026-06 UCSD Amsterdam,Programs in Planning and Delivery Phase,active,2025-10-16T10:18:20Z,2026-03-19T11:49:57Z,,2026-06-28 - 2026-08-01,28,,Remote,Siddhanth Waghmare,Siddhanth Waghmare,Divyanjali,2026-03-17,Yet to be done,,Working on it,,Design Team will work on it,,,,Rooms Blocked,NA,Blocked,Blocked,Blocked,NA,NA,Booked,Blocked,,Not Allowed,NA,,,Yet to send,,NA,NA
18198958538,2026-06 UCSD Australia,Programs in Planning and Delivery Phase,active,2025-10-16T10:18:23Z,2026-03-17T10:26:59Z,,2026-06-28 - 2026-08-01,,,Remote,Vedanth Maheshwari,Vedanth Maheshwari,Divyanjali,,Yet to be done,,,,Design Team will work on it,,,,Quotes Received,NA,NA,WIP,Quote Received,NA,NA,WIP,,,Not Allowed,NA,,,Yet to send,,NA,NA
10762661639,2026-03 USD SOLES Healthcare Japan,Programs in Planning and Delivery Phase,active,2025-12-12T11:13:19Z,2026-03-17T09:40:34Z,,2026-03-21 - 2026-03-29,16,18,Remote,Bhavana Saroj,Bhavana Saroj,,2026-03-16,Created,USD SOLES Japan - https://sheet.zoho.com/sheet/open/fhok9cc0d1d3dd5b2422bb6324824579a622a?sheetid=0&range=E8,Done,,Not Required,0,0,,Done,NA,NA,Done,Done,NA,NA,Dietary Shared & Menu Finalized,Done,NA,Not Allowed,NA,,,Money Received,,Money Received,NA
10847044965,2026-06 Indiana South Korea,Programs in Planning and Delivery Phase,active,2025-12-24T11:03:18Z,2026-03-19T11:50:02Z,,2026-06-08 - 2026-06-15,12,13,APM,Aakash Korandla,Aakash Korandla,Komal Mishra,,Yet to be done,,,,Design Team will work on it,0,0,,Rooms Blocked,NA,NA,Blocked,Blocked,NA,NA,Booked,Blocked,,Not Allowed,NA,,,Money Received,,NA,NA
11106835004,2026-06 UCSD Modern Japan,Programs in Planning and Delivery Phase,active,2026-01-27T08:28:37Z,2026-03-19T11:50:06Z,,2026-06-28 - 2026-08-01,,,Remote,Bhavana Saroj,Bhavana Saroj,Komal Mishra,2026-03-16,Created,UCSD Japan - https://sheet.zohopublic.com/sheet/published/m26bqf7276c2543fe4a2da08c09a929bdd91c,,,Design Team will work on it,,,,Quotes Received,NA,NA,WIP,Quote Received,NA,NA,WIP,,,Not Allowed,NA,,,Yet to send,,NA,NA
11106867837,2026-05 USD SOLES China,Programs in Planning and Delivery Phase,active,2026-01-27T08:37:31Z,2026-03-19T11:50:10Z,,2026-05-09 - 2026-05-19,15,16,APM,Vedanth Maheshwari,Vedanth Maheshwari,Divyanjali,,Yet to be done,,,,Design Team will work on it,,,,Rooms Blocked,NA,Blocked,WIP,Quote Received,NA,NA,WIP,,,Not Allowed,NA,,,Money Received,,Invoice sent,NA
11107573193,2026-05 GWSB CAP South Africa,Programs in Planning and Delivery Phase,active,2026-01-27T10:56:54Z,2026-03-19T11:50:16Z,,2026-05-02 - 2026-05-10,14,17,APM,Siddhanth Waghmare,Siddhanth Waghmare,Divyanjali,2026-03-17,Yet to be done,,Working on it,,Design Team will work on it,,,,Advance Paid,NA,Blocked,Blocked,Blocked,Stuck,NA,Booked,Stuck,,Not Allowed,NA,,,Yet to send,,NA,NA
11107599670,2026-05 IGL Vietnam Thailand,Programs in Planning and Delivery Phase,active,2026-01-27T10:56:56Z,2026-03-19T11:50:34Z,,2026-05-09 - 2026-07-04,48,48,Remote,Bhavana Saroj,Bhavana Saroj,Komal Mishra,2026-03-16,Created,IGL Vietnam Thailand - https://sheet.zoho.com/sheet/open/3krgid3ba55d6d8ba49e795747d138d323e31?sheetid=14&range=A1:D1,Working on it,,Design Team will work on it,13,13,,Rooms Blocked,Students Assigned,Stuck,Stuck,Stuck,NA,NA,Stuck,Stuck,NA,Not Allowed,NA,,,Yet to send,,NA,NA
11107532007,"2026-06 UNC Florence, Italy",Programs in Planning and Delivery Phase,active,2026-01-27T10:57:01Z,2026-03-16T04:24:29Z,,2026-06-04 - 2026-06-26,,,APM,lorenzo@authentica.com,lorenzo@authentica.com,lorenzo@authentica.com,,Yet to be done,,,,Design Team will work on it,,,,Quotes Received,NA,NA,WIP,Quote Received,NA,NA,WIP,,,Not Allowed,NA,,,Yet to send,,NA,NA
11512975065,2026 Swinburne Summer Internships Korea Germany,Programs in Planning and Delivery Phase,active,2026-03-16T06:15:44Z,2026-03-19T11:09:34Z,,2026-06-27 - 2026-07-25,,,,Bhavana Saroj,,Komal Mishra,,Yet to be done,,,,Design Team will work on it,,,,Quotes Received,NA,NA,WIP,Quote Received,NA,NA,WIP,,,Not Allowed,NA,,,Yet to send,,NA,NA
11512973662,2026-06 Griffith NCP Vietnam,Programs in Planning and Delivery Phase,active,2026-03-16T06:15:55Z,2026-03-19T11:50:40Z,,2026-06-22 - 2026-07-19,,,,Bhavana Saroj,,Komal Mishra,,Yet to be done,,,,Design Team will work on it,,,,Quotes Received,NA,NA,WIP,Quote Received,NA,NA,WIP,,,Not Allowed,NA,,,Yet to send,,NA,NA
11512973149,2026-09 Stanford UAE,Programs in Planning and Delivery Phase,active,2026-03-16T06:15:58Z,2026-03-19T11:50:47Z,,2026-08-29 - 2026-09-18,,,APM,Siddhanth Waghmare,Siddhanth Waghmare,Divyanjali,2026-03-17,Yet to be done,,,,Design Team will work on it,,,,Stuck,NA,NA,WIP,Quote Received,NA,NA,WIP,,,Not Allowed,NA,,,Yet to send,,NA,NA
11512967659,"2026-10 USC MKT Dublin, Ireland",Programs in Planning and Delivery Phase,active,2026-03-16T06:16:01Z,2026-03-19T11:50:52Z,,2026-10-03 - 2026-10-10,,,,Aakash Korandla,,Komal Mishra,,Yet to be done,,,,Design Team will work on it,,,,Quotes Received,NA,NA,WIP,Quote Received,NA,NA,WIP,,,Not Allowed,NA,,,Yet to send,,NA,NA
8118626163,2024-04 Duke EMBA Delhi,Delivered Programs,active,2024-12-27T06:36:32Z,2025-11-06T10:12:39Z,,2024-04-19 - 2024-04-26,,,,,Vedanth Maheshwari,,,Yet to be done,,,,,,,,NA,NA,NA,Done,Quote Received,NA,NA,Done,,,Not Allowed,NA,,,Yet to send,,NA,NA
8118626150,2024-05 GWSB CAP UAE,Delivered Programs,active,2024-12-27T06:36:31Z,2025-11-06T10:12:39Z,,2024-05-04 - 2024-05-16,,,,,Siddhanth Waghmare,Siddhanth Waghmare,,Yet to be done,,,,,,,,Advance Paid,NA,NA,Itinerary Shared,Done,NA,NA,Done,Done,,Not Allowed,NA,,,Yet to send,,NA,NA
8118626078,2024-05 IGL Thailand Vietnam,Delivered Programs,active,2024-12-27T06:36:28Z,2025-11-06T10:12:38Z,,2024-05-11 - 2024-07-06,,,,,Ravi Raj,,,Yet to be done,,,,,,,,Rooming List Sent,NA,NA,Advance Paid,Done,NA,NA,Done,Done,,Not Allowed,NA,,,Yet to send,,NA,NA
8118626092,2024-05 SDSU Vietnam Ho Chi Minh City,Delivered Programs,active,2024-12-27T06:36:29Z,2025-11-06T10:12:38Z,,2024-05-31 - 2024-06-16,,,,,Sanhita Gadre,Sanhita Gadre,,Yet to be done,,,,,,,,Advance Paid,NA,Advance Paid,WIP,Advance Paid,NA,NA,WIP,,,Not Allowed,NA,,,Yet to send,,NA,NA
8118625903,2024-06 Dartmouth China,Delivered Programs,active,2024-12-27T06:36:21Z,2025-11-06T10:12:33Z,,2024-06-15 - 2024-08-25,,,Remote,,Siddhanth Waghmare,Anitha Ramanna,,Yet to be done,,,,,,,,Attention,NA,NA,WIP,Quote Received,NA,NA,WIP,Advance Paid,,Not Allowed,NA,,,Yet to send,,NA,NA
8118626110,2024-06 Go Global NC South Korea,Delivered Programs,active,2024-12-27T06:36:29Z,2025-11-06T10:12:38Z,,2024-06-16 - 2024-06-26,,,,,Sanhita Gadre,Anitha Ramanna,,Yet to be done,,,,,,,,Advance Paid,NA,NA,Advance Paid,Advance Paid,NA,NA,WIP,,,Not Allowed,NA,,,Yet to send,,NA,NA
8118626176,2024-06 USyd Humanitarian Engineering Pune,Delivered Programs,active,2024-12-27T06:36:33Z,2025-11-06T10:12:39Z,,2024-06-19 - 2024-07-05,,,,,,Anitha Ramanna,,Yet to be done,,,,,,,,Rooms Blocked,NA,Blocked,WIP,Itinerary Shared,NA,NA,WIP,Blocked,,Not Allowed,NA,,,Yet to send,,NA,NA
8118626190,2024-06 Swinburne Malaysia,Delivered Programs,active,2024-12-27T06:36:33Z,2025-11-06T10:12:40Z,,2024-06-22 - 2024-07-07,,,,,Siddhanth Waghmare,Anitha Ramanna,,Yet to be done,,,,,,,,Rooms Blocked,NA,NA,WIP,Quote Received,NA,NA,WIP,,,Not Allowed,NA,,,Yet to send,,NA,NA
8118626171,2024-07 USD Amsterdam,Delivered Programs,active,2024-12-27T06:36:32Z,2025-11-06T10:12:39Z,,2024-07-20 - 2024-07-27,,,,,Siddhanth Waghmare,Anitha Ramanna,,Yet to be done,,,,,,,,Rooms Blocked,NA,NA,Blocked,Itinerary Shared,NA,NA,WIP,Advance Paid,,Not Allowed,NA,,,Yet to send,,NA,NA
8118625961,2024-11 USD SOLES South Korea (Ned),Delivered Programs,active,2024-12-27T06:36:22Z,2025-11-06T10:12:35Z,,2024-11-22 - 2024-12-02,,,APM,,Sanhita Gadre,,,Yet to be done,,,,,,,,Advance Paid,NA,NA,Blocked,Quote Received,NA,NA,Dietary Shared & Menu Finalized,,"Bus / Train, Flights, Taxi, Visa, Hotel",Not Allowed,NA,,,Yet to send,,NA,NA
8118625969,2024-11 WSU Arts & Culture India,Delivered Programs,active,2024-12-27T06:36:24Z,2025-11-06T10:12:37Z,,2024-11-23 - 2024-12-06,,,APM,,"Aakash Korandla, Siddhanth Waghmare",,,Yet to be done,,,,,,,,Stuck,NA,NA,WIP,Quote Received,NA,NA,WIP,,,Not Allowed,NA,,,Yet to send,,NA,NA
8118625916,2024-12 Dartmouth Vietnam,Delivered Programs,active,2024-12-27T06:36:21Z,2025-11-06T10:12:32Z,,2024-12-01 - 2024-12-23,,,Remote,,Vedanth Maheshwari,,,Done,,,,,,,,Done,NA,Done,Done,Done,NA,NA,Done,Done,,Not Allowed,NA,,,Money Received,,Money Received,Awaiting
8118625943,2024-12 Tuck GIX Taiwan,Delivered Programs,active,2024-12-27T06:36:22Z,2025-11-06T10:12:34Z,,2024-12-04 - 2024-12-13,29,31,APM,,Siddhanth Waghmare,Anitha Ramanna,2025-02-21,Done,,,,Done,8,0,,Done,NA,Done,Done,Done,Done,Done,Done,Done,Done,Not Allowed,NA,"Debrief, NPS Survey Sent, Post Program Invoice, Send Thank You Emails, Submit Expense Report, Upload Media",,Money Received,,Money Received,Money Received
8118625922,2024-12 Tuck GIX Australia,Delivered Programs,active,2024-12-27T06:36:21Z,2025-11-06T10:12:33Z,,2024-12-04 - 2024-12-13,25,29,APM,,Vedanth Maheshwari,Anitha Ramanna,,Done,,,,Done,,,,Done,NA,Done,Done,Done,Done,NA,Done,Done,"Flights, Hotel, Taxi",Not Allowed,NA,"Submit Expense Report, Upload Media, Debrief, Post Program Invoice, Send Thank You Emails",,Money Received,,Money Received,Money Received
8118625934,2024-12 Swinburne Indonesia Global Leaders,Delivered Programs,active,2024-12-27T06:36:21Z,2025-11-06T10:12:33Z,,2024-12-07 - 2024-12-20,,,APM,,"Sanhita Gadre, Dr. Akanksha Patil",,,Yet to be done,,,,,,,,Contract Signed,Done,Contract Signed,Itinerary Shared,Itinerary Shared,NA,NA,WIP,,,Not Allowed,NA,,,Yet to send,,NA,NA
8118625958,2024-12 Iowa Water Poverty India,Delivered Programs,active,2024-12-27T06:36:22Z,2025-11-06T10:12:34Z,,2024-12-22 - 2025-01-07,,,APM,,"Siddhanth Waghmare, Aakash Korandla",Siddhanth Waghmare,2025-02-21,Done,,,,Done,0,0,,Done,NA,Done,Done,Done,NA,NA,Done,Done,,Not Allowed,Done,"Debrief, NPS Survey Sent, Send Thank You Emails, Submit Expense Report, Upload Media",,Money Received,,Money Received,NA
8118625960,2024-12 Purdue Water Poverty India,Delivered Programs,active,2024-12-27T06:36:22Z,2025-11-06T10:12:35Z,,2024-12-22 - 2025-01-07,,,APM,,"Siddhanth Waghmare, Aakash Korandla",Siddhanth Waghmare,2025-02-21,Done,,,,Done,0,0,,Done,NA,Done,Done,Done,NA,NA,Done,Done,,Not Allowed,Done,"NPS Survey Sent, Post Program Invoice, Send Thank You Emails, Submit Expense Report, Upload Media",,Money Received,,Money Received,NA
8118625974,2025-01 NYU Service Learning India,Delivered Programs,active,2024-12-27T06:36:23Z,2026-03-19T09:44:56Z,,2025-01-05 - 2025-01-16,14,18,APM,,"Vedanth Maheshwari, Aakash Korandla",Anitha Ramanna,,Created,https://workdrive.zoho.com/file/v6n8v647e55ab031a4f2db7cc9e66ac80f8d3,,,Done,,,,Done,Done,Done,Done,Done,NA,NA,Done,Done,"Hotel, Taxi",Not Allowed,NA,,,Money Received,,Money Received,NA
8118626005,2025-01 UB Biz Singapore Indonesia,Delivered Programs,active,2024-12-27T06:36:24Z,2026-03-19T09:51:31Z,,2025-01-05 - 2025-01-16,11,15,Remote,,Vedanth Maheshwari,,,Done,https://workdrive.zoho.com/file/v6n8v255944d024a945529b2ea4c8ccb6d522,,,,,,,Done,NA,NA,Done,Done,Done,Done,Done,Done,,Not Allowed,NA,,,Money Received,,Money Received,NA
8118626015,2025-01 UW-Eau Claire India,Delivered Programs,active,2024-12-27T06:36:24Z,2026-03-19T09:52:41Z,,2025-01-05 - 2025-01-19,,,Remote,,"Vedanth Maheshwari, Aakash Korandla",,,Created,https://workdrive.zoho.com/file/v6n8v7b912e7c892e485ea1f39df366352204,,,,,,,Done,NA,NA,Done,Done,NA,NA,NA,Done,,Not Allowed,NA,"Debrief, Submit Expense Report",,Money Received,,NA,NA
8118625982,2025-01 USD Japan,Delivered Programs,active,2024-12-27T06:36:23Z,2025-11-06T10:12:36Z,,2025-01-05 - 2025-01-25,70,78,Remote,,Vedanth Maheshwari,,,Created,,,,Done,,,,Done,NA,NA,Done,Done,NA,Done,Done,Done,,Not Allowed,NA,,,Money Received,,Money Received,Awaiting
8118625986,2025-01 SDSU Healthcare Vietnam,Delivered Programs,active,2024-12-27T06:36:23Z,2025-11-06T10:12:36Z,,2025-01-06 - 2025-01-17,29,31,APM,,Siddhanth Waghmare,Siddhanth Waghmare,2025-02-21,Done,,,,Done,3,0,,Done,NA,Done,Done,Done,Done,Done,Done,Done,"Flights, Hotel, Visa, Done",Not Allowed,NA,"NPS Survey Sent, Post Program Invoice, Send Thank You Emails, Submit Expense Report, Upload Media",,Money Received,,Money Received,Money Received
8118625938,2025-01 USD Hong Kong Tokyo,Delivered Programs,active,2024-12-27T06:36:21Z,2025-11-06T10:12:33Z,,2025-01-13 - 2025-01-24,20,33,Remote,,Vedanth Maheshwari,,,Created,,,,,,,,Done,NA,Done,Done,Done,NA,NA,Done,Done,,Not Allowed,NA,NPS Survey Sent,,Money Received,,Money Received,NA
8118625942,2025-01 USYD India Mumbai,Delivered Programs,active,2024-12-27T06:36:22Z,2025-11-06T10:12:34Z,,2025-01-18 - 2025-02-01,12,14,Remote,,Vedanth Maheshwari,,,Created,,,,,,,,Done,NA,Done,Done,Done,NA,NA,NA,Done,,Not Allowed,NA,,,Money Received,,Money Received,NA
8118626017,2025-02 USD SOLES Malta Italy,Delivered Programs,active,2024-12-27T06:36:24Z,2025-11-06T10:12:38Z,,2025-02-01 - 2025-02-08,25,28,Remote,,Vedanth Maheshwari,,,Created,,,,,,,,Quotes Received,NA,NA,WIP,Quote Received,NA,NA,WIP,,,Not Allowed,NA,,,Money Received,,NA,NA
8118625932,2025-02 USYD Food Justice India,Delivered Programs,active,2024-12-27T06:36:21Z,2026-03-19T10:18:06Z,,2025-02-09 - 2025-02-20,18,22,APM,,"Aakash Korandla, Bhavana Saroj",Sanhita Gadre,,Created,https://drive.google.com/drive/folders/1K7xZzh0WBQ_gHmDnCDJ57Dkhad3JKApX?usp=drive_link,,,PM Working on it,,,,Rooming List Sent,NA,Done,Done,Done,Done,NA,Done,Done,"Flights, Hotel, Done",Not Allowed,NA,,,Money Received,,Money Received,NA
8118625993,2025-03 Kelley Indonesia,Delivered Programs,active,2024-12-27T06:36:23Z,2026-03-19T10:21:09Z,,2025-03-09 - 2025-03-16,25,28,APM,,Siddhanth Waghmare,,2025-02-21,Done,https://sheet.zoho.com/sheet/open/lblidc817fb63e3944f8f964aebb9ea8babdb?sheetid=0&range=B4,,,,0,0,,Done,NA,NA,Done,Done,NA,NA,Done,Done,"Flights, Hotel, Visa",Not Allowed,NA,,,Money Received,,Money Received,NA
8118625966,2025-03 USC LInC Dubai,Delivered Programs,active,2024-12-27T06:36:23Z,2026-03-19T10:24:08Z,,2025-03-15 - 2025-03-23,33,39,APM,,Siddhanth Waghmare,Siddhanth Waghmare,2025-02-21,Done,https://sheet.zoho.com/sheet/open/mmxi25749f4d458f048b58001d952ee4ad2cb?sheetid=0&range=B12,,,Done,9,0,,Done,NA,NA,Done,Done,NA,NA,Done,Done,"Done, Flights, Hotel, Visa",Not Allowed,Stuck,,,Money Received,,Money Received,Money Received
8118626001,2025-03 Indiana University Seoul,Delivered Programs,active,2024-12-27T06:36:24Z,2026-03-19T10:26:25Z,,2025-03-15 - 2025-03-22,28,31,Remote,,Siddhanth Waghmare,Sanhita Gadre,2025-02-21,Done,https://sheet.zoho.com/sheet/open/csv2z5536e24033d44a74bd8d0c8db9d465e0,,,,0,0,,Done,NA,Blocked,Done,Done,NA,NA,Done,Done,NA,Not Allowed,NA,,,Money Received,,Money Received,Money Received
8118626167,2024-06 USD Bali,Delivered Programs,active,2024-12-27T06:36:32Z,2025-11-06T10:12:33Z,,,,,Remote,,Vedanth Maheshwari,,,Yet to be done,,,,,,,,Quotes Received,NA,NA,WIP,Quote Received,NA,NA,WIP,,,Not Allowed,NA,,,Yet to send,,NA,NA
8118625956,2025-03 UNC GIE Singapore Thailand,Delivered Programs,active,2024-12-27T06:36:22Z,2025-11-06T10:12:32Z,,2025-03-03 - 2025-03-15,21,21,APM,,Vedanth Maheshwari,,2025-02-25,Yet to be done,,,,Done,1,0,,Done,NA,Stuck,Blocked,Done,Done,NA,Booked,Blocked,,Not Allowed,NA,,,Money Received,,Awaiting,Yet to send
8118626009,2025-03 USD SOLES Amsterdam Paris,Delivered Programs,active,2024-12-27T06:36:24Z,2026-03-19T10:28:01Z,,2025-03-08 - 2025-03-16,15,17,APM,,Ravi Raj,,,Created,https://sheet.zoho.com/sheet/open/lblidde45fcc2c0324b3c9639ba589d099b92?sheetid=0&range=H5,,,,,,,Quotes Received,NA,NA,WIP,Quote Received,NA,NA,WIP,,,Not Allowed,NA,,,Yet to send,,NA,NA
8263441846,2025-03 PSU India,Delivered Programs,active,2025-01-17T06:59:57Z,2026-03-19T10:32:38Z,,2025-03-08 - 2025-03-16,12,15,APM,,Aakash Korandla,,2025-02-27,Created,https://workdrive.zoho.com/file/18f3523199be356c24bdc89ceca327e0fc710,,,,0,0,,Done,NA,NA,Done,Done,Done,NA,WIP,Done,Flights,Not Allowed,NA,,,Yet to send,,NA,NA
8264492306,2025-03 USD SOLES USA,Delivered Programs,active,2025-01-17T11:27:06Z,2026-03-19T10:35:42Z,,2025-03-08 - 2025-03-15,14,16,APM,,Vedanth Maheshwari,,2025-02-21,Created,https://sheet.zoho.com/sheet/open/shvnxd559c7cfcc3145529bf7cc163e6b0d9b?sheetid=0&range=A1,,,,,,,Quotes Received,NA,NA,WIP,Quote Received,NA,NA,WIP,,,Not Allowed,NA,,,Money Received,,Money Received,NA
8118625999,2025-03 Wesleyan Hong Kong,Delivered Programs,active,2024-12-27T06:36:24Z,2026-03-19T10:36:33Z,,2025-03-11 - 2025-03-21,13,,APM,,Sanhita Gadre,Sanhita Gadre,,Created,https://sheet.zoho.com/sheet/open/mmxi2afd919e9cc1a4ac0a96c7975f34bc815?sheetid=0&range=B12,,,Done,3,0,,Quotes Received,NA,Stuck,Blocked,Blocked,NA,NA,WIP,,,Not Allowed,NA,,,Yet to send,,NA,NA
8118625946,2025-03 Tuck GIX Vietnam,Delivered Programs,active,2024-12-27T06:36:22Z,2026-03-19T10:37:13Z,,2025-03-12 - 2025-03-21,22,24,APM,,Vedanth Maheshwari,,2025-02-21,Created,https://sheet.zoho.com/sheet/open/mmxi2fe1cba9f09444792969feaa1951a7ff6?sheetid=0&range=A1,,,,2,0,,Contract Signed,NA,Done,Blocked,Blocked,Stuck,NA,Booked,Blocked,,Not Allowed,NA,,,Money Received,,Money Received,Yet to send
8118626003,2025-03 USC India,Delivered Programs,active,2024-12-27T06:36:24Z,2026-03-19T10:37:42Z,,2025-03-15 - 2025-03-23,14,17,APM,,Aakash Korandla,,,Created,https://sheet.zoho.com/sheet/open/csv2zcefcdd5d6a1a401595edb1b70e8db079,,,PM Working on it,3,1,,Done,NA,NA,Done,Done,Quote Received,NA,WIP,,,Not Allowed,NA,,,Yet to send,,NA,NA
8715074941,2025-03 IMPACT India,Delivered Programs,active,2025-03-17T17:41:44Z,2025-11-06T10:12:34Z,,2025-03-28 - 2025-04-02,10,,APM,,Sanhita Gadre,,,Yet to be done,,,,,,,,Quotes Received,NA,NA,WIP,Quote Received,NA,NA,WIP,,,Not Allowed,NA,,,Yet to send,,NA,NA
8783487098,2025-04 Duke GEMBA,Delivered Programs,active,2025-03-26T05:30:15Z,2026-03-19T10:40:45Z,,2025-04-10 - 2025-04-18,65,,APM,,Vedanth Maheshwari,,2025-03-26,Yet to be done,https://workdrive.zoho.com/file/q1w53b877169f51ad4026b1e7a88d3a8c404b,,,,,,,NA,NA,NA,WIP,Quote Received,NA,NA,Booked,,,Not Allowed,NA,,,Yet to send,,NA,NA
8783536857,2025-03 Dan Wisconsin School of Business India FIT,Delivered Programs,active,2025-03-26T05:47:38Z,2025-11-06T10:12:36Z,,,,,,,,,,Yet to be done,,,,,,,,Quotes Received,NA,NA,WIP,Quote Received,NA,NA,WIP,,,Not Allowed,NA,,,Yet to send,,NA,NA
8783469651,2025-05 OSU Spain,Delivered Programs,active,2025-03-26T05:28:12Z,2026-03-06T07:47:46Z,,2025-05-01 - 2025-05-23,,,Remote,,Siddhanth Waghmare,Siddhanth Waghmare,,Created,https://sheet.zoho.com/sheet/open/i4z01b222d1932f754da0b3fa9f9b6ba227c9?sheetid=0&range=B11,,,,,,,Advance Paid,NA,Blocked,Itinerary Shared,Itinerary Shared,NA,NA,Booked,Blocked,,Not Allowed,NA,,,Money Received,,Money Received,NA
8783469640,2025-05 GWSB CAP Sweden,Delivered Programs,active,2025-03-26T05:28:11Z,2025-11-06T10:12:35Z,,2025-05-03 - 2025-05-16,19,21,APM,,Vedanth Maheshwari,,,Created,,,,,,,,Quotes Received,NA,NA,WIP,Quote Received,NA,NA,WIP,,,Not Allowed,NA,"Debrief, NPS Survey Sent, Post Program Invoice, Submit Expense Report",,Money Received,,NA,NA
8783469643,2025-05 GWSB CAP UAE,Delivered Programs,active,2025-03-26T05:28:11Z,2026-03-05T09:25:42Z,,2025-05-03 - 2025-05-16,,,APM,,Siddhanth Waghmare,Siddhanth Waghmare,,Created,https://sheet.zoho.com/sheet/open/m2snq99ac8052c7424cc4aa034c315d8cb262?sheetid=0&range=A1,,,PM Working on it,1,,,Advance Paid,NA,Blocked,Blocked,Itinerary Shared,NA,NA,Booked,Blocked,"Flights, Visa, Done, Hotel",WIP,NA,"Debrief, NPS Survey Sent, Post Program Invoice, Submit Expense Report, Upload Media",,Money Received,,NA,NA
8783469636,2025-05 OSU Japan (JADE),Delivered Programs,active,2025-03-26T05:28:11Z,2026-03-05T09:29:32Z,,2025-05-07 - 2025-05-21,,,Remote,,Vedanth Maheshwari,,,Yet to be done,https://sheet.zoho.com/sheet/open/0bbize75a012dde454523903639c0e7fedab5?sheetid=0&range=A1,,,,,,,Quotes Received,NA,NA,WIP,Quote Received,NA,NA,WIP,,,Not Allowed,NA,,,Money Received,,NA,NA
8783469637,2025-05 IGL Vietnam Thailand,Delivered Programs,active,2025-03-26T05:28:11Z,2026-03-06T06:18:46Z,,2025-05-11 - 2025-07-05,55,55,Remote,,Bhavana Saroj,,,Created,,,,,,,,Done,NA,NA,WIP,Quote Received,NA,NA,WIP,,,Not Allowed,NA,,,Yet to send,,NA,NA
9224959630,2025-05 NYU Abu Dhabi to India,Delivered Programs,active,2025-05-24T02:29:59Z,2025-11-06T10:12:37Z,,2025-05-22 - 2025-05-28,,,,,,,,Yet to be done,,,,,,,,Quotes Received,NA,NA,WIP,Quote Received,NA,NA,WIP,,,Not Allowed,NA,,,Yet to send,,NA,NA
8783469638,2025-05 GWSB STAP Singapore,Delivered Programs,active,2025-03-26T05:28:11Z,2026-03-06T06:39:38Z,,2025-06-01 - 2025-06-08,17,20,APM,,"Siddhanth Waghmare, Aakash Korandla",Sanhita Gadre,,Created,https://sheet.zoho.com/sheet/open/qk36m6f9817565155445a95eeb573e555b8dd?sheetid=0&range=E18,,,Design Team will work on it,,,,Advance Paid,NA,Done,Blocked,Itinerary Shared,NA,NA,Booked,Blocked,Done,Not Allowed,NA,Post Program Invoice,,Yet to send,,NA,NA
8783469635,2025-06 UCSD Global Seminars Japan,Delivered Programs,active,2025-03-26T05:28:11Z,2025-11-06T10:12:34Z,,2025-06-28 - 2025-08-03,,,Remote,,Vedanth Maheshwari,,,Created,,,,PM Working on it,,,,Advance Paid,NA,Advance Paid,Blocked,Quote Received,NA,NA,WIP,,,Not Allowed,NA,,,Yet to send,,NA,NA
8974848991,2025-07 USD SOLES Amsterdam Copenhagen,Delivered Programs,active,2025-04-22T05:49:42Z,2026-03-06T06:53:57Z,,2025-07-19 - 2025-07-27,,,Remote,,Siddhanth Waghmare,Siddhanth Waghmare,,Created,https://sheet.zoho.com/sheet/open/0gkypa5972048389f463b8ad5b923516ccf61?sheetid=0&range=A1,,,,,,,Quotes Received,NA,NA,WIP,Quote Received,NA,NA,WIP,,,Not Allowed,NA,,,Yet to send,,NA,NA
9358944467,2025-07 UTS Social Innovation Lab India,Delivered Programs,active,2025-06-12T05:22:24Z,2026-03-06T07:01:07Z,,2025-07-02 - 2025-07-19,,,APM,,Shreeta S,,,Created,https://docs.google.com/spreadsheets/d/1PEGHyF8168Ni3TF6VdJGuSr4fUB_A5jXtTb_KKdWRyY/edit?gid=0#gid=0,,,,,,,Quotes Received,NA,NA,WIP,Quote Received,NA,NA,WIP,,,Not Allowed,NA,,,Received,,Received,NA
9359984174,2025-06 BMM India,Delivered Programs,active,2025-06-12T09:41:40Z,2025-11-06T10:12:37Z,,2025-06-07 - 2025-08-02,,,APM,,,,,Yet to be done,,,,,,,,Quotes Received,NA,NA,WIP,Quote Received,NA,NA,WIP,,,Not Allowed,NA,,,Yet to send,,NA,NA
8783523523,2025-09 UNC Thailand Summit,Delivered Programs,active,2025-03-26T05:43:38Z,2025-11-06T10:12:32Z,,2025-09-11 - 2025-09-14,,,APM,,Vedanth Maheshwari,,,Yet to be done,,,,Design Team will work on it,,,,Quotes Received,NA,NA,WIP,Quote Received,NA,NA,WIP,,,Not Allowed,NA,,,Yet to send,,NA,NA
8783523582,2025-09 UNC Immersion Vietnam / Cambodia,Delivered Programs,active,2025-03-26T05:43:40Z,2025-11-06T10:12:32Z,,2025-09-14 - 2025-09-21,,,APM,,Vedanth Maheshwari,,,Yet to be done,,,,,,,,Quotes Received,NA,NA,WIP,Quote Received,NA,NA,WIP,,,Not Allowed,NA,,,Yet to send,,NA,NA
9958852617,2025-10 USD South Africa,Delivered Programs,active,2025-09-03T06:37:12Z,2026-03-06T07:18:13Z,,2025-10-25 - 2025-11-05,18,21,APM,Shreeta S,Ravi Raj,,,Created,https://sheet.zoho.com/sheet/open/3yzih17e99d4e6dbe419393b948bfc2cf7c42?sheetid=0&range=A1,,,Done,,,,Done,NA,NA,Done,Done,NA,NA,WIP,Done,,Not Allowed,NA,,,Yet to send,,NA,NA
18178685879,2025-11 NPO India UAE STS,Delivered Programs,active,2025-10-14T09:28:46Z,2025-11-06T10:12:33Z,,2025-11-18 - 2025-11-28,,,APM,,Siddhanth Waghmare,,,Created,NPO STEM - https://sheet.zoho.com/sheet/open/voxdjbb5b190a46f94d0886b4f4305ea58098?sheetid=14&range=E9,,,,,,,Quotes Received,NA,NA,WIP,Quote Received,NA,NA,WIP,,,Not Allowed,NA,,,Yet to send,,NA,NA
18178686177,2025-11 Swinburne Social Impact India,Delivered Programs,active,2025-10-14T09:28:49Z,2025-12-11T09:26:32Z,,2025-11-28 - 2025-12-12,13,14,APM,Vedanth Maheshwari,Bhavana Saroj,Bhavana Saroj,2025-10-14,Created,Swinburne India - https://sheet.zoho.com/sheet/open/g0bmh7a1b3a3908014b438a4767d8ec430afe,,,Done,1,1,,Advance Paid,NA,Done,Itinerary Shared,Advance Paid,NA,Done,Done,Advance Paid,Hotel,Not Allowed,NA,,,Money Received,,Money Received,NA
18178686259,2025-11 Dartmouth Vietnam,Delivered Programs,active,2025-10-14T09:28:50Z,2025-12-10T12:11:18Z,,2025-11-30 - 2025-12-22,18,20,Remote,Bhavana Saroj,Vedanth Maheshwari,,2025-11-06,Created,https://docs.google.com/spreadsheets/d/1ET5IWcLn9p6nybbwr_gxPXQoiWBnt_jzLVURVjUweJY/edit?gid=0#gid=0,,,,,,,Rooming List Sent,NA,Advance Paid,Itinerary Shared,Stuck,NA,NA,Booked,Blocked,NA,Not Allowed,NA,,,Money Received,,NA,Yet to send
18178686578,2025-12 Tuck GIX Australia,Delivered Programs,active,2025-10-14T09:28:54Z,2025-11-18T11:41:40Z,,2025-12-03 - 2025-12-12,30,32,Remote,Siddhanth Waghmare,Vedanth Maheshwari,Vedanth Maheshwari,2025-11-06,Created,https://docs.google.com/spreadsheets/d/13KTQw03k4M6g36Sq80dsIjdTFAIN58g0mbNOxTaTFHo/edit?gid=1908079421#gid=1908079421,,,Done,3,0,,Contract Signed,NA,Blocked,Itinerary Shared,Itinerary Shared,Ticket Generated,NA,Dietary Shared & Menu Finalized,Stuck,NA,Not Allowed,NA,,,Money Received,,Money Received,NA
18178686944,2025-12 Purdue Water Scarcity India,Delivered Programs,active,2025-10-14T09:28:59Z,2025-12-11T10:03:33Z,,2025-12-22 - 2026-01-06,3,4,APM,Siddhanth Waghmare,Aakash Korandla,,2025-12-11,Created,Mastersheet  - https://sheet.zoho.com/sheet/open/pt73fc933fa6341f14a5b832ae740e9d9287b,Done,,,,,,Advance Paid,NA,NA,Blocked,Itinerary Shared,NA,NA,Stuck,Blocked,"Hotel, Stuck",Not Allowed,NA,,,Money Received,,NA,NA
18178687118,2025-12 Iowa Water Scarcity India,Delivered Programs,active,2025-10-14T09:29:02Z,2025-12-11T11:36:23Z,,2025-12-22 - 2026-01-06,6,7,APM,Siddhanth Waghmare,Aakash Korandla,,2025-12-11,Created,https://sheet.zoho.com/sheet/open/pt73fc933fa6341f14a5b832ae740e9d9287b,Done,,,,,,Advance Paid,NA,NA,Itinerary Shared,Itinerary Shared,NA,NA,WIP,,,Not Allowed,NA,,,Money Received,,NA,NA
18178687241,2026-01 UW Biz India,Delivered Programs,active,2025-10-14T09:29:03Z,2025-12-24T21:15:01Z,,2026-01-02 - 2026-01-15,20,22,APM,Aakash Korandla,Vedanth Maheshwari,,2025-12-11,Done,UW Biz India Mastersheet - https://sheet.zoho.com/sheet/open/vpmz30189e3ee625f44cd8d1ad42e570ee7db,Done,,,,,,Advance Paid,NA,Blocked,Blocked,Stuck,Advance Paid,NA,Stuck,,"Flights, Hotel",Not Allowed,NA,,,Money Received,,Money Received,NA
18178687372,2026-01 NYU Service Learning India,Delivered Programs,active,2025-10-14T09:29:06Z,2026-02-24T05:21:17Z,,2026-01-04 - 2026-01-16,13,15,APM,Vedanth Maheshwari,Aakash Korandla,,,Done,NYU AB India Mastersheet - https://sheet.zoho.com/sheet/open/vpmz386d4e1bb07354dc491d244e28992b5fa,Done,,Stuck,3,2,,Advance Paid,Stuck,NA,Blocked,Stuck,NA,NA,Stuck,,"Stuck, Hotel",Not Allowed,NA,,,Money Received,,Money Received,NA
18178687481,2026-01 USD Intersession Japan,Delivered Programs,active,2025-10-14T09:29:09Z,2025-12-10T12:11:44Z,,2026-01-04 - 2026-01-24,119,131,Remote,Aakash Korandla,Vedanth Maheshwari,,2025-11-06,Created,https://docs.google.com/spreadsheets/d/1ZhCQhFzhEtRhUQWe5kRxoGHyDtphVMQ9Fd8xZ6__TXg/edit?gid=0#gid=0,,,,,,,Advance Paid,NA,NA,Blocked,Blocked,NA,Paid,Booked,Stuck,NA,Not Allowed,NA,,,Money Received,,Money Received,Overdue
18178704858,2026-01 NPO India UAE ACA,Delivered Programs,active,2025-10-14T09:33:50Z,2026-03-06T07:41:55Z,,2026-01-11 - 2026-01-23,,,APM,,Siddhanth Waghmare,,,Created,https://sheet.zoho.com/sheet/open/lzd2m23906581c0f74b168226226fd64ba431,,,,,,,Advance Paid,NA,NA,WIP,Quote Received,NA,NA,WIP,,,Not Allowed,NA,,,Yet to send,,NA,NA
18178705017,2026-02 NPO India UAE IR,Delivered Programs,active,2025-10-14T09:33:53Z,2026-03-06T07:41:49Z,,2026-02-01 - 2026-02-13,,,APM,,Siddhanth Waghmare,,,Created,https://sheet.zoho.com/sheet/open/e90n6283ed9b6a4c042c89c5c4a144af0fc93?sheetid=0&range=A1,,,,,,,Advance Paid,NA,NA,WIP,Quote Received,NA,NA,WIP,,,Not Allowed,NA,,,Yet to send,,NA,NA
18178742557,2026-01 USD MSRE Japan,Delivered Programs,active,2025-10-14T09:43:40Z,2025-12-10T12:11:50Z,,2026-01-04 - 2026-01-16,19,27,Remote,,Vedanth Maheshwari,,,Yet to be done,,,,,,,,Quotes Received,NA,NA,WIP,Quote Received,NA,NA,WIP,,,Not Allowed,NA,,,Money Received,,NA,NA
18189503931,2026-02 USYD Food Justice India,Delivered Programs,active,2025-10-15T11:18:13Z,2026-03-06T07:41:47Z,,2026-02-09 - 2026-02-20,19,21,APM,,Aakash Korandla,"Sanhita Gadre, Aakash Korandla",,Created,https://sheet.zoho.com/sheet/open/azs4p1b47ff6e678f4a168ed7018eba020055?sheetid=0&range=A1,,,PM Working on it,,,,Rooms Blocked,NA,Blocked,WIP,Quote Received,NA,NA,WIP,,,Not Allowed,NA,,,Overdue,,NA,NA
18189504313,2026-02 GWSB Milan Italy,Delivered Programs,active,2025-10-15T11:18:17Z,2025-12-11T09:27:23Z,,2026-02-01 - 2026-02-15,,,,,,,,Yet to be done,,,,,,,,Advance Paid,NA,NA,WIP,Quote Received,NA,NA,WIP,,,Not Allowed,NA,,,Money Received,,Money Received,NA
18189505649,2025-12 UW-Madison Healthcare India,Delivered Programs,active,2025-10-15T11:18:23Z,2026-03-06T07:41:45Z,,2025-12-29 - 2026-01-10,8,10,APM,Vedanth Maheshwari,Bhavana Saroj,Bhavana Saroj,,Created,https://sheet.zoho.com/sheet/open/4p4mwcdf2db8eb21843198a7e048f2d61993e?sheetid=0&range=E8,,,PM Working on it,,,,Rooming List Sent,NA,NA,Done,Done,NA,NA,WIP,,"Bus / Train, Flights, Hotel",Not Allowed,NA,,,Money Received,,Overdue,NA
10815612871,2026-01 Elmhurst Australia,Delivered Programs,active,2025-12-19T09:13:17Z,2026-01-15T08:01:12Z,,2026-01-07 - 2026-01-14,,,Remote,,,,,Yet to be done,,,,,,,,Quotes Received,NA,NA,WIP,Quote Received,NA,NA,WIP,,,Not Allowed,NA,,,Received,,NA,NA
18178761509,2026-03 USC BAEP India,MISC,active,2025-10-14T09:47:49Z,2025-11-06T10:12:39Z,,2026-03-14 - 2026-03-22,,,APM,,Aakash Korandla,,,Yet to be done,,,,,,,,Quotes Received,NA,NA,WIP,Quote Received,NA,NA,WIP,,,Not Allowed,NA,,,Yet to send,,NA,NA
18178761186,2026-03 Purdue UAE,Cancelled Programs,active,2025-10-14T09:47:47Z,2026-03-05T06:13:59Z,,2026-03-14 - 2026-03-21,14,16,Remote,Siddhanth Waghmare,Siddhanth Waghmare,,,Yet to be done,,,,PM Working on it,,,,Done,NA,NA,Done,Done,NA,NA,WIP,Done,Flights,Not Allowed,NA,,,Money Received,,Money Received,NA
18198964806,2026-06 UCSD South Africa,Cancelled Programs,active,2025-10-16T10:19:13Z,2025-11-06T10:12:39Z,,2026-06-28 - 2026-08-01,,,Remote,,Siddhanth Waghmare,,,Yet to be done,,,,,,,,Quotes Received,NA,NA,WIP,Quote Received,NA,NA,WIP,,,Not Allowed,NA,,,Yet to send,,NA,NA
18178743746,2026-03 PSU India,Cancelled Programs,active,2025-10-14T09:44:08Z,2026-03-10T09:35:45Z,,2026-03-08 - 2026-03-15,15,17,APM,Aakash Korandla,"Aakash Korandla, Debolina Ghosh, Divyanjali",,,Yet to be done,,,,,4,2,,Quotes Received,NA,NA,WIP,Quote Received,NA,NA,WIP,,,Not Allowed,NA,,,Money Received,,NA,NA
